place_id,name,has_kids_classes,has_women_classes,has_open_mat,drop_in_fee,beginner_friendly,family_friendly,accessible_entrance,speaks_english,speaks_portuguese,offers_gi,offers_no_gi
ChIJRXLy5FTJBZER3lPKDIM2_Gg,A Salvo Autodefensa,FALSE,FALSE,FALSE,FALSE,FALSE,FALSE,FALSE,FALSE,FALSE,FALSE,FALSE
ChIJHbWmE0zFBZERzpHMxHI3tJU,ABSOLUTE COMBAT SPORTS,FALSE,FALSE,FALSE,FALSE,FALSE,FALSE,FALSE,FALSE,FALSE,FALSE,FALSE
ChIJi6uz63eYBZERB8CC3eo9-xM,ABU-DOJO,TRUE,FALSE,FALSE,FALSE,FALSE,FALSE,FALSE,FALSE,FALSE,FALSE,FALSE
ChIJf-tGXyvFBZERcKfPb9ruO40,Academia de artes marciales TEAM BLACK GORILLA,FALSE,FALSE,FALSE,FALSE,FALSE,FALSE,FALSE,FALSE,FALSE,FALSE,FALSE
ChIJ19FlnzW5BZERqD67s4vRqvk,"Academia de lucha olímpica ""Los tigres""",FALSE,FALSE,FALSE,FALSE,FALSE,FALSE,FALSE,FALSE,FALSE,FALSE,FALSE
ChIJMdRaup_PBZERDM9AVTMzd6w,Academia Punto Maximo,FALSE,FALSE,FALSE,FALSE,FALSE,FALSE,FALSE,FALSE,FALSE,FALSE,FALSE
ChIJl7jBoyrPBZER7uggoGyGutA,Academia Sniper Lima Norte,FALSE,FALSE,FALSE,FALSE,FALSE,FALSE,FALSE,FALSE,FALSE,FALSE,FALSE
ChIJeYNwkwnIBZER9ksmHYGbEuw,SNIPER GT MIRAFLORES,TRUE,FALSE,FALSE,FALSE,FALSE,FALSE,FALSE,FALSE,FALSE,FALSE,FALSE
ChIJkXP02G3JBZERHLuIe0SQAHM,Academia Sniper San Miguel,FALSE,FALSE,FALSE,FALSE,FALSE,FALSE,FALSE,FALSE,FALSE,FALSE,FALSE
ChIJ5fiUf_HHBZERYOsZZA9xFTU,Academia Surco Wrestling,FALSE,FALSE,FALSE,FALSE,FALSE,FALSE,FALSE,FALSE,FALSE,FALSE,FALSE
ChIJ59fyEPi5BZER8SxRYGoYSio,Academia True Wrestling,FALSE,FALSE,FALSE,FALSE,FALSE,FALSE,FALSE,FALSE,FALSE,FALSE,FALSE
ChIJw5H8H1S4BZER1YkZvEUhdsg,"Academy of Martial Arts ""RAGAZZI""",TRUE,FALSE,FALSE,FALSE,FALSE,FALSE,FALSE,FALSE,FALSE,FALSE,FALSE
ChIJbehiZfDHBZERxD71uXfBsvE,Almeida Jiu Jitsu,TRUE,FALSE,FALSE,FALSE,FALSE,FALSE,FALSE,FALSE,FALSE,FALSE,FALSE
ChIJe8lhM-zJBZERvsFzVLnwZVE,Alpha Wolf - Escuela de artes marciales y deportes de contacto,FALSE,FALSE,FALSE,FALSE,FALSE,FALSE,FALSE,FALSE,FALSE,FALSE,FALSE
ChIJWcjah627BZERr3KaEviXWL4,aranha_smp,FALSE,FALSE,FALSE,FALSE,FALSE,FALSE,FALSE,FALSE,FALSE,FALSE,FALSE
ChIJvxVDJhq5BZERQHmnynp95sg,Art Choke,FALSE,FALSE,FALSE,FALSE,FALSE,FALSE,FALSE,FALSE,FALSE,FALSE,FALSE
ChIJP096eO_RBZERoalEPIOyesI,Arte Suave,FALSE,FALSE,FALSE,FALSE,FALSE,FALSE,FALSE,FALSE,FALSE,FALSE,FALSE
ChIJ_ajXUwDJBZERn-ZfOy2Pt4g,ARTEM Fight Studio,FALSE,FALSE,FALSE,FALSE,FALSE,FALSE,FALSE,FALSE,FALSE,FALSE,FALSE
ChIJj0IXpKXFBZERJoi_5KYTcYw,Artes Marciales Mixtas SM,TRUE,FALSE,FALSE,FALSE,FALSE,FALSE,FALSE,FALSE,FALSE,FALSE,FALSE
ChIJQ2fNfwe4BZERh-TrCyDrHOk,Artes Marciales Orion,FALSE,FALSE,FALSE,FALSE,FALSE,FALSE,FALSE,FALSE,FALSE,FALSE,FALSE
ChIJlbGtU7_LBZERmVRwOcVZAmg,B13 academy,FALSE,FALSE,FALSE,FALSE,FALSE,FALSE,FALSE,FALSE,FALSE,FALSE,FALSE
ChIJf9J7Su7QBZER5OjNsKwQDeI,Berserker Escuela,FALSE,FALSE,FALSE,FALSE,FALSE,FALSE,FALSE,FALSE,FALSE,FALSE,FALSE
ChIJRWJggGTJBZERQY3h-qj4SOc,Black Dragons,FALSE,FALSE,FALSE,FALSE,FALSE,FALSE,FALSE,FALSE,FALSE,FALSE,FALSE
ChIJ7SkTjy_vBZERaGwB_oSVhn8,Black House Jiu Jitsu Chosica,FALSE,FALSE,FALSE,FALSE,FALSE,FALSE,FALSE,FALSE,FALSE,FALSE,FALSE
ChIJ95fwUFe5BZERNKqeERCzfFI,Blue Fighter,FALSE,FALSE,FALSE,FALSE,FALSE,FALSE,FALSE,FALSE,FALSE,FALSE,FALSE
ChIJBWk2LFfHBZEReyxW8Pzqrnc,Capone Jiu Jitsu and MMA,TRUE,FALSE,FALSE,FALSE,FALSE,FALSE,FALSE,FALSE,FALSE,FALSE,FALSE
ChIJVxAkJBXHBZERuJ5Z1IzrEPc,Capone Kids,TRUE,FALSE,FALSE,FALSE,FALSE,FALSE,FALSE,FALSE,FALSE,FALSE,FALSE
ChIJeZn4EQDHBZERK-YhvBUA_nI,CAPONE TEAM © Jiu Jitsu & MMA (sede Salamanca),TRUE,FALSE,FALSE,FALSE,FALSE,FALSE,FALSE,FALSE,FALSE,FALSE,FALSE
ChIJm6XxcgS5BZER8rNsS3pqcIk,Casa Calavera,FALSE,FALSE,FALSE,FALSE,FALSE,FALSE,FALSE,FALSE,FALSE,FALSE,FALSE
ChIJDYJJFte9BZERJbEyFnQ5e9I,Casa Calavera Jose Galvez,FALSE,FALSE,FALSE,FALSE,FALSE,FALSE,FALSE,FALSE,FALSE,FALSE,FALSE
ChIJ4TZ_D_PQBZERuXFy_OVaZUU,Centro de Artes Marciales COBRA,FALSE,FALSE,FALSE,FALSE,FALSE,FALSE,FALSE,FALSE,FALSE,FALSE,FALSE
ChIJdyuWXifRBZERL7akeaIyRfA,CENTRO DE ARTES MARCIALES GAME FIGHT COMAS,FALSE,FALSE,FALSE,FALSE,FALSE,FALSE,FALSE,FALSE,FALSE,FALSE,FALSE
ChIJoX5d-zW3BZERvLanKo27QSY,Chorrillos fight center,FALSE,FALSE,FALSE,FALSE,FALSE,FALSE,FALSE,FALSE,FALSE,FALSE,FALSE
ChIJBwYcZrjFBZERCoxUbCbvnRw,Club de Judo Kyoeikan,FALSE,FALSE,FALSE,FALSE,FALSE,FALSE,FALSE,FALSE,FALSE,FALSE,FALSE
ChIJR5qRsOrIBZERjnI90IPBAfk,Club de Judo - Takenori Ito,FALSE,FALSE,FALSE,FALSE,FALSE,FALSE,FALSE,FALSE,FALSE,FALSE,FALSE
ChIJeUrtvNnJBZERNyjbCLzob6k,Club Los Indomables,FALSE,FALSE,FALSE,FALSE,FALSE,FALSE,FALSE,FALSE,FALSE,FALSE,FALSE
ChIJY5uxEwDHBZERzW87SSNLl4A,CombatZone,FALSE,FALSE,FALSE,FALSE,FALSE,FALSE,FALSE,FALSE,FALSE,FALSE,FALSE
ChIJQ2RMgsTHBZER5qEcaRKPudY,CONSTRICTOR PERÚ - JIU JITSU & MMA,FALSE,FALSE,FALSE,FALSE,FALSE,FALSE,FALSE,FALSE,FALSE,FALSE,FALSE
ChIJ2wEqSgLJBZER6Nr2SfsZm_E,Contacto Livre,FALSE,FALSE,FALSE,FALSE,FALSE,FALSE,FALSE,FALSE,FALSE,FALSE,FALSE
ChIJ3ZU-A2-5BZERY2-mnwJImBg,Core Jiu Jitsu & Luta Livre Surco,FALSE,FALSE,FALSE,FALSE,FALSE,FALSE,FALSE,FALSE,FALSE,FALSE,FALSE
ChIJH2ACIMDPBZERfhs_s1bpIRM,Core Jiu Jitsu Callao,FALSE,FALSE,FALSE,FALSE,FALSE,FALSE,FALSE,FALSE,FALSE,FALSE,FALSE
ChIJ6fWKZTjHBZERsaEjmGjhWx8,DE Training,FALSE,FALSE,FALSE,FALSE,FALSE,FALSE,FALSE,FALSE,FALSE,FALSE,FALSE
ChIJ65L-5m7FBZERFuWGrOis81s,Doble A-Team De la Mata,FALSE,FALSE,FALSE,FALSE,FALSE,FALSE,FALSE,FALSE,FALSE,FALSE,FALSE
ChIJUYZHwv65BZERZDLI2FygMwc,DOJO BOYKA FIGHT - ARTES MARCIALES MIXTAS,FALSE,FALSE,FALSE,FALSE,FALSE,FALSE,FALSE,FALSE,FALSE,FALSE,FALSE
ChIJcS5KKr_QBZERqHtSYCUJARg,Dojo Hermandad,FALSE,FALSE,FALSE,FALSE,FALSE,FALSE,FALSE,FALSE,FALSE,FALSE,FALSE
ChIJOfOF4ui9BZERNEHtLiFSW_U,Dojo Lurín,FALSE,FALSE,FALSE,FALSE,FALSE,FALSE,FALSE,FALSE,FALSE,FALSE,FALSE
ChIJvXw3qH7JBZERLNp_Vfw8XJo,Dojo Mentesaiko,FALSE,FALSE,FALSE,FALSE,FALSE,FALSE,FALSE,FALSE,FALSE,FALSE,FALSE
ChIJza2soSGjBZERGi_K1jWpiCw,Dojo punta hermosa,FALSE,FALSE,FALSE,FALSE,FALSE,FALSE,FALSE,FALSE,FALSE,FALSE,FALSE
ChIJ9QBFvzyfBZERfeRaigDBmh8,Dojo San Bartolo,FALSE,FALSE,FALSE,FALSE,FALSE,FALSE,FALSE,FALSE,FALSE,FALSE,FALSE
ChIJ433FgiDOBZER8YkaGFvLvBw,DRAGON ROJO ESCUELA DE ARTES MARCIALES,FALSE,FALSE,FALSE,FALSE,FALSE,FALSE,FALSE,FALSE,FALSE,FALSE,FALSE
ChIJpbOPHQDPBZERgNhOqhBdNlI,Dream Art Los Olivos,FALSE,FALSE,FALSE,FALSE,FALSE,FALSE,FALSE,FALSE,FALSE,FALSE,FALSE
ChIJkb7L-yPHBZERvMfhofqs9f0,Dream Art Peru-Jiu Jitsu || Academia de Artes Marciales,TRUE,FALSE,FALSE,FALSE,FALSE,FALSE,FALSE,FALSE,FALSE,FALSE,FALSE
ChIJ_49ZfwC5BZER25WIUu0zge8,Dream Art San Juan,FALSE,FALSE,FALSE,FALSE,FALSE,FALSE,FALSE,FALSE,FALSE,FALSE,FALSE
ChIJ_x2r75vJBZERgmBgN_FrDIM,Dream Art San Miguel,FALSE,FALSE,FALSE,FALSE,FALSE,FALSE,FALSE,FALSE,FALSE,FALSE,FALSE
ChIJ13qNn8TJBZERWbv_je4pbBw,ECO-L,FALSE,FALSE,FALSE,FALSE,FALSE,FALSE,FALSE,FALSE,FALSE,FALSE,FALSE
ChIJ8R-GFhDJBZERhtpx6oScBN4,El Dogo Training Center,TRUE,FALSE,FALSE,FALSE,FALSE,FALSE,FALSE,FALSE,FALSE,FALSE,FALSE
ChIJPaZRdMPHBZER5ztEW3DODhQ,El Templo,FALSE,FALSE,FALSE,FALSE,FALSE,FALSE,FALSE,FALSE,FALSE,FALSE,FALSE
ChIJTQbQ2VbVBZERIvXW_Nrgoyw,Escuela búfalos MMA.(Artes marciales mixtas)en ventanilla Pachacutec incawasi.,FALSE,FALSE,FALSE,FALSE,FALSE,FALSE,FALSE,FALSE,FALSE,FALSE,FALSE
ChIJjY4SOaZ1BZERRHxcdzy-H4Y,Escuela de artes marciales | Adamu MMA | Chilca,FALSE,FALSE,FALSE,FALSE,FALSE,FALSE,FALSE,FALSE,FALSE,FALSE,FALSE
ChIJBTqvMrvOBZERKOlujH1mxM8,Escuela De Combate RUMBLE,FALSE,FALSE,FALSE,FALSE,FALSE,FALSE,FALSE,FALSE,FALSE,FALSE,FALSE
ChIJ__8gaBnJBZERMs5FSMPbsFg,ESCUELA DE JIUJITSU CARLSON GRACIE TEAM PERÚ,FALSE,FALSE,FALSE,FALSE,FALSE,FALSE,FALSE,FALSE,FALSE,FALSE,FALSE
ChIJ3ca_7GfOBZER0kYN24RJ7KY,Escuela Pitbull Artes Marciales Mixtas,FALSE,FALSE,FALSE,FALSE,FALSE,FALSE,FALSE,FALSE,FALSE,FALSE,FALSE
ChIJ4d2EXxbRBZER_xbi4ogLMxU,Extreme Gym,FALSE,FALSE,FALSE,FALSE,FALSE,FALSE,FALSE,FALSE,FALSE,FALSE,FALSE
ChIJq4XJ2-nPBZERtqn6GDsB-cQ,FAT,FALSE,FALSE,FALSE,FALSE,FALSE,FALSE,FALSE,FALSE,FALSE,FALSE,FALSE
ChIJfWAsKx_IBZERt1ZX_T0dxT4,Fight Academy Miraflores,FALSE,FALSE,FALSE,FALSE,FALSE,FALSE,FALSE,FALSE,FALSE,FALSE,FALSE
ChIJqSHozRjIBZERtbsnNkuMfng,Fight & Fitness,FALSE,FALSE,FALSE,FALSE,FALSE,FALSE,FALSE,FALSE,FALSE,FALSE,FALSE
ChIJ-Y9xE8PFBZERYnNQ_wmVuXg,Fight Club Shogun Escuela de artes marciales mixtas,FALSE,FALSE,FALSE,FALSE,FALSE,FALSE,FALSE,FALSE,FALSE,FALSE,FALSE
ChIJa1MpRMDPBZER3Zq-EXTKhP8,Fighters Factory - Artes Marciales y Defensa Personal,FALSE,FALSE,FALSE,FALSE,FALSE,FALSE,FALSE,FALSE,FALSE,FALSE,FALSE
ChIJNwNYneXPBZERvnx_1rWKLmQ,fox academy,FALSE,FALSE,FALSE,FALSE,FALSE,FALSE,FALSE,FALSE,FALSE,FALSE,FALSE
ChIJAQXOKwvNBZERqF_wMqqlaZc,francopedrozamma,TRUE,FALSE,FALSE,FALSE,FALSE,FALSE,FALSE,FALSE,FALSE,FALSE,FALSE
ChIJKesXee25BZERRTPN-SaAGX4,FudoZen Jiu Jitsu - Taurus BJJ,FALSE,FALSE,FALSE,FALSE,FALSE,FALSE,FALSE,FALSE,FALSE,FALSE,FALSE
ChIJ1YpSKgDJBZERKDmUGecW1nQ,Galera Bjj,FALSE,FALSE,FALSE,FALSE,FALSE,FALSE,FALSE,FALSE,FALSE,FALSE,FALSE
ChIJqT3IfADFBZERiGYMI6Qk8xc,Samurái Ate Vitarte BJJ Galpón Fight Club MMA JIUJITSU,FALSE,FALSE,FALSE,FALSE,FALSE,FALSE,FALSE,FALSE,FALSE,FALSE,FALSE
ChIJEXuVY_i3BZER08CWMOYLlzA,Gaman Perú,FALSE,FALSE,FALSE,FALSE,FALSE,FALSE,FALSE,FALSE,FALSE,FALSE,FALSE
ChIJEXKqbTO3BZER3euLTELXG_U,Game Fight Chorrillos,FALSE,FALSE,FALSE,FALSE,FALSE,FALSE,FALSE,FALSE,FALSE,FALSE,FALSE
ChIJXfqFUWXHBZERBCWUtdh8OzA,Gentle Art Training Center,FALSE,FALSE,FALSE,FALSE,FALSE,FALSE,FALSE,FALSE,FALSE,FALSE,FALSE
ChIJA-eyd8bIBZERzlDlMoT-BUo,Gimnasio Club Apolo Gym,FALSE,FALSE,FALSE,FALSE,FALSE,FALSE,FALSE,FALSE,FALSE,FALSE,FALSE
ChIJOfVTLj_JBZERTUyB_kKhYnc,Gracie Barra San Miguel,FALSE,FALSE,FALSE,FALSE,FALSE,FALSE,FALSE,FALSE,FALSE,FALSE,FALSE
ChIJJ-HrgETHBZERj90CNmOWPh4,Guigo Jiu Jitsu Surco,FALSE,FALSE,FALSE,FALSE,FALSE,FALSE,FALSE,FALSE,FALSE,FALSE,FALSE
ChIJo5dfznG7BZERUKPgRmSt_tE,Herreras Fight Center,FALSE,FALSE,FALSE,FALSE,FALSE,FALSE,FALSE,FALSE,FALSE,FALSE,FALSE
ChIJIxkhu37HBZEROfIG-FHuJYM,Hippo BJJ Jiujitsu Perú | Academia de Artes Marciales,FALSE,FALSE,FALSE,FALSE,FALSE,FALSE,FALSE,FALSE,FALSE,FALSE,FALSE
ChIJuSGxkgrRBZER1xdiRMDhh04,IF ACADEMY,FALSE,FALSE,FALSE,FALSE,FALSE,FALSE,FALSE,FALSE,FALSE,FALSE,FALSE
ChIJzwKq4Mi5BZER0d4ZhuG1mXA,INTI WALLA PERU,FALSE,FALSE,FALSE,FALSE,FALSE,FALSE,FALSE,FALSE,FALSE,FALSE,FALSE
ChIJN5ZmqUjDBZERfg6CAsw_DIk,jabali jiu jitsu,FALSE,FALSE,FALSE,FALSE,FALSE,FALSE,FALSE,FALSE,FALSE,FALSE,FALSE
ChIJ_7g9iXnHBZERhEl77cpDon4,Japanese ju jitsu academy - Cobra kai peruano,FALSE,FALSE,FALSE,FALSE,FALSE,FALSE,FALSE,FALSE,FALSE,FALSE,FALSE
ChIJk8SzSkDOBZERCTZ3zE24RQw,JUNGLE FIGHTING CENTER,FALSE,FALSE,FALSE,FALSE,FALSE,FALSE,FALSE,FALSE,FALSE,FALSE,FALSE
ChIJN3QsxCbPBZERgR2YabPmQbA,JUNGLE FIGHTING CENTER SEDE HUANDOY,FALSE,FALSE,FALSE,FALSE,FALSE,FALSE,FALSE,FALSE,FALSE,FALSE,FALSE
ChIJVTkYBQy4BZER8Lrs_Th1Gyg,Kami Martial Arts,FALSE,FALSE,FALSE,FALSE,FALSE,FALSE,FALSE,FALSE,FALSE,FALSE,FALSE
ChIJb35O-MG5BZER0gm5vyGT7yY,Klandestino Jiujitsu Villa el Salvador,FALSE,FALSE,FALSE,FALSE,FALSE,FALSE,FALSE,FALSE,FALSE,FALSE,FALSE
ChIJKaKtOJLTBZERIcXehVZ4ODk,Knockouts Training Center,FALSE,FALSE,FALSE,FALSE,FALSE,FALSE,FALSE,FALSE,FALSE,FALSE,FALSE
ChIJl8KifKTVBZERAZzwbANiMV4,kTC - Escuela de Artes Marciales Mixtas,FALSE,FALSE,FALSE,FALSE,FALSE,FALSE,FALSE,FALSE,FALSE,FALSE,FALSE
ChIJN9wzg_zRBZERNZr_IawriMM,La Casa de Batiatus,FALSE,FALSE,FALSE,FALSE,FALSE,FALSE,FALSE,FALSE,FALSE,FALSE,FALSE
ChIJ978EWfa5BZERiREZ7hbxVA0,LA GRANJA BJJ,FALSE,FALSE,FALSE,FALSE,FALSE,FALSE,FALSE,FALSE,FALSE,FALSE,FALSE
ChIJSb1NrmPJBZERf34Gt0a60eM,Lab 266 Jiu Jitsu & Movement,TRUE,FALSE,FALSE,FALSE,FALSE,FALSE,FALSE,FALSE,FALSE,FALSE,FALSE
ChIJvwqpvkHHBZERdO0CswW9ZsU,Legacy BJJ Perú,FALSE,FALSE,FALSE,FALSE,FALSE,FALSE,FALSE,FALSE,FALSE,FALSE,FALSE
ChIJgfP7ckzRBZERYV0OABgUnqA,Los Perros Sarnosos De Pro - Equipo Giglio,FALSE,FALSE,FALSE,FALSE,FALSE,FALSE,FALSE,FALSE,FALSE,FALSE,FALSE
ChIJvYHKt3-jBZEROnva_mUx-X0,Maretazo Muay Thai - MMA,FALSE,FALSE,FALSE,FALSE,FALSE,FALSE,FALSE,FALSE,FALSE,FALSE,FALSE
ChIJGy2VpEjPBZERRuN81xfxeJc,Maximos Combat Club,FALSE,FALSE,FALSE,FALSE,FALSE,FALSE,FALSE,FALSE,FALSE,FALSE,FALSE
ChIJvacSRQDVBZERBxHZNVWjEjw,MEGA WOLF GYM,FALSE,FALSE,FALSE,FALSE,FALSE,FALSE,FALSE,FALSE,FALSE,FALSE,FALSE
ChIJabJUHWzHBZERBIaiGFzAyBc,Mekka Jiujitsu,FALSE,FALSE,FALSE,FALSE,FALSE,FALSE,FALSE,FALSE,FALSE,FALSE,FALSE
ChIJkfQshOjFBZERHZm1o7HcYTE,MKOMBAT SJL,FALSE,FALSE,FALSE,FALSE,FALSE,FALSE,FALSE,FALSE,FALSE,FALSE,FALSE
ChIJp8E3VQ3PBZERnloYE0DqDw4,MMA-SALMISTA ( ACADEMIA DE DEPORTE),FALSE,FALSE,FALSE,FALSE,FALSE,FALSE,FALSE,FALSE,FALSE,FALSE,FALSE
ChIJG05Mh_DHBZERetDpq21KTFw,Monkey Jiu Jitsu,FALSE,FALSE,FALSE,FALSE,FALSE,FALSE,FALSE,FALSE,FALSE,FALSE,FALSE
ChIJNeMy2jDJBZERawYM4lCPlLc,Mutant House Jiu Jitsu,FALSE,FALSE,FALSE,FALSE,FALSE,FALSE,FALSE,FALSE,FALSE,FALSE,FALSE
ChIJv_9GrX3JBZERpdIfG8ujNTI,Nagare Jiu Jitsu,FALSE,FALSE,FALSE,FALSE,FALSE,FALSE,FALSE,FALSE,FALSE,FALSE,FALSE
ChIJZxWvr-HIBZERPwGb5wPFqag,Nippi Judo Club Peru,FALSE,FALSE,FALSE,FALSE,FALSE,FALSE,FALSE,FALSE,FALSE,FALSE,FALSE
ChIJ3cBfgAbJBZERjo1i2MqHYMk,NKO Training Center I,FALSE,FALSE,FALSE,FALSE,FALSE,FALSE,FALSE,FALSE,FALSE,FALSE,FALSE
ChIJP6z8pTTJBZERkq2_VrWh5QA,NS BROTHERHOOD LINCE,FALSE,FALSE,FALSE,FALSE,FALSE,FALSE,FALSE,FALSE,FALSE,FALSE,FALSE
ChIJl-OE-4bIBZERA407nV0og0Y,NS BROTHERHOOD PERÚ,FALSE,FALSE,FALSE,FALSE,FALSE,FALSE,FALSE,FALSE,FALSE,FALSE,FALSE
ChIJG1UHBFrJBZERLbEeqYaaKuY,OSAE Jiu Jitsu,TRUE,FALSE,FALSE,FALSE,FALSE,FALSE,FALSE,FALSE,FALSE,FALSE,FALSE
ChIJn7sYPwDJBZER8XVYDRxEe8E,Parabellum,FALSE,FALSE,FALSE,FALSE,FALSE,FALSE,FALSE,FALSE,FALSE,FALSE,FALSE
ChIJkwetawDPBZERe4-TTmC1ho0,Peru Combat Warriors,FALSE,FALSE,FALSE,FALSE,FALSE,FALSE,FALSE,FALSE,FALSE,FALSE,FALSE
ChIJERtB_gzJBZERgcXx1-xaPVE,Peru Fight Academy,FALSE,FALSE,FALSE,FALSE,FALSE,FALSE,FALSE,FALSE,FALSE,FALSE,FALSE
ChIJ93hXYyfHBZERcjGFyxcuVdE,Peru Fight Academy San Borja,FALSE,FALSE,FALSE,FALSE,FALSE,FALSE,FALSE,FALSE,FALSE,FALSE,FALSE
ChIJ4Y4PDdzHBZERJXAhgGULTzE,Peruvian Judo Federation,FALSE,FALSE,FALSE,FALSE,FALSE,FALSE,FALSE,FALSE,FALSE,FALSE,FALSE
ChIJpx8PrxK5BZER6zsdCeVE_ks,Pitbull Martial Arts Center/PMAC,FALSE,FALSE,FALSE,FALSE,FALSE,FALSE,FALSE,FALSE,FALSE,FALSE,FALSE
ChIJvRitl9XJBZERpWI5jNsJq0k,Primo Jiu-jitsu,FALSE,FALSE,FALSE,FALSE,FALSE,FALSE,FALSE,FALSE,FALSE,FALSE,FALSE
ChIJ50sMOerHBZERn8tKf7_hoAY,Pro Figthing Peru,FALSE,FALSE,FALSE,FALSE,FALSE,FALSE,FALSE,FALSE,FALSE,FALSE,FALSE
ChIJK54LUY6ZBZERR-WxLMqnM2I,Punta Hermosa Training Club,FALSE,FALSE,FALSE,FALSE,FALSE,FALSE,FALSE,FALSE,FALSE,FALSE,FALSE
ChIJTST-HcnJBZERrNhTM-u_rJA,Purple OG - Bjj Art,FALSE,FALSE,FALSE,FALSE,FALSE,FALSE,FALSE,FALSE,FALSE,FALSE,FALSE
ChIJX_TLpF_JBZER0h0_mprkNC0,RED LIONS - MMA Academy,FALSE,FALSE,FALSE,FALSE,FALSE,FALSE,FALSE,FALSE,FALSE,FALSE,FALSE
ChIJj4ZR05TLBZERZz0HklRYUlQ,RED LIONS - MMA Academy,FALSE,FALSE,FALSE,FALSE,FALSE,FALSE,FALSE,FALSE,FALSE,FALSE,FALSE
ChIJZ920gvzIBZERgQR9-HhPq6w,Renzo Gracie Academy,FALSE,FALSE,FALSE,FALSE,FALSE,FALSE,FALSE,FALSE,FALSE,FALSE,FALSE
ChIJdZHuDynJBZERmT2FI6h0ib4,Ronin Martial Arts - Jiu jitsu & MMA,FALSE,FALSE,FALSE,FALSE,FALSE,FALSE,FALSE,FALSE,FALSE,FALSE,FALSE
ChIJd7C6LJbJBZER0URIRWAiJcY,Samurai Martial Arts,FALSE,FALSE,FALSE,FALSE,FALSE,FALSE,FALSE,FALSE,FALSE,FALSE,FALSE
ChIJCb45ex3JBZERc1ODq5sRUPU,SAMURAI PUEBLO LIBRE,FALSE,FALSE,FALSE,FALSE,FALSE,FALSE,FALSE,FALSE,FALSE,FALSE,FALSE
ChIJ-V1U4WiZBZEREqlFW69BUjs,San Bartolo JiuJitsu,FALSE,FALSE,FALSE,FALSE,FALSE,FALSE,FALSE,FALSE,FALSE,FALSE,FALSE
ChIJb0J5dqHJBZERe8GSzXECUtQ,Shin Gi Tai - Lima Judo Club,FALSE,FALSE,FALSE,FALSE,FALSE,FALSE,FALSE,FALSE,FALSE,FALSE,FALSE
ChIJBzhPuPrPBZERLz7z0Txc60c,Shinyuu - Guigo Jiujitsu Rimac,FALSE,FALSE,FALSE,FALSE,FALSE,FALSE,FALSE,FALSE,FALSE,FALSE,FALSE
ChIJARxB5svRBZERNPsy3ne2Cns,SMA OIS PERÚ EMETH KRAV MAGA,FALSE,FALSE,FALSE,FALSE,FALSE,FALSE,FALSE,FALSE,FALSE,FALSE,FALSE
ChIJ2_uPUwDJBZERQmMjPUSEARI,Studio 7,FALSE,FALSE,FALSE,FALSE,FALSE,FALSE,FALSE,FALSE,FALSE,FALSE,FALSE
ChIJtdJazrDh8YsRSc-mT_xbFvs,Studio 7 Jiu jitsu Club,FALSE,FALSE,FALSE,FALSE,FALSE,FALSE,FALSE,FALSE,FALSE,FALSE,FALSE
ChIJ04_GLCTHBZEROwgIg2JXg7g,Sumaq Jiu Jitsu,FALSE,FALSE,FALSE,FALSE,FALSE,FALSE,FALSE,FALSE,FALSE,FALSE,FALSE
ChIJWYDztR25BZERa12oVlSlFC8,SWAM Peru Academy of Modern Martial Arts & Science,TRUE,FALSE,FALSE,FALSE,FALSE,FALSE,FALSE,FALSE,FALSE,FALSE,FALSE
ChIJ1YklegDPBZER1Ibv-FUqkaM,Tamashi Judo Club Los Olivos,FALSE,FALSE,FALSE,FALSE,FALSE,FALSE,FALSE,FALSE,FALSE,FALSE,FALSE
ChIJe3XTfQbJBZERP7gk6MKAVFQ,Tan Ren Guigo Jiu Jitsu,FALSE,FALSE,FALSE,FALSE,FALSE,FALSE,FALSE,FALSE,FALSE,FALSE,FALSE
ChIJwy6ggZC3BZER3XbcHvxB8tM,Taurus Gym Dojo,FALSE,FALSE,FALSE,FALSE,FALSE,FALSE,FALSE,FALSE,FALSE,FALSE,FALSE
ChIJPWxX5gDRBZER1LeoJ419ACM,TEAM BERSERKER,FALSE,FALSE,FALSE,FALSE,FALSE,FALSE,FALSE,FALSE,FALSE,FALSE,FALSE
ChIJrQBS6LjDBZERZTLseobjQDo,Team Jairolo mma,FALSE,FALSE,FALSE,FALSE,FALSE,FALSE,FALSE,FALSE,FALSE,FALSE,FALSE
ChIJlYGuR9nIBZERDTNNPHOPDrE,Team Perros Sarnosos - Mestre Hector Iberico,FALSE,FALSE,FALSE,FALSE,FALSE,FALSE,FALSE,FALSE,FALSE,FALSE,FALSE
ChIJFRt8un67BZERRhMFNLShgtI,Team Seven Jiu Jitsu,FALSE,FALSE,FALSE,FALSE,FALSE,FALSE,FALSE,FALSE,FALSE,FALSE,FALSE
ChIJZSSeoRTFBZERpUdBnFFB6hI,TeamCaritaMMA,FALSE,FALSE,FALSE,FALSE,FALSE,FALSE,FALSE,FALSE,FALSE,FALSE,FALSE
ChIJxQAKcK_JBZERIL5Ve7JNsAw,Tominaga Martial Training,FALSE,FALSE,FALSE,FALSE,FALSE,FALSE,FALSE,FALSE,FALSE,FALSE,FALSE
ChIJj-vVKgrPBZERqLodth-aueI,Triangulo Jiujitsu,FALSE,FALSE,FALSE,FALSE,FALSE,FALSE,FALSE,FALSE,FALSE,FALSE,FALSE
ChIJtd_NNADpBZERnKKzBELjDA0,Valhalla Guigo Jiu Jitsu,FALSE,FALSE,FALSE,FALSE,FALSE,FALSE,FALSE,FALSE,FALSE,FALSE,FALSE
ChIJ2badz7rJBZERxHaIC4ApV2Q,Viringos Jiu Jitsu,FALSE,FALSE,FALSE,FALSE,FALSE,FALSE,FALSE,FALSE,FALSE,FALSE,FALSE
ChIJgTAHm9HHBZERqH8Sfg4j4WQ,XTREME COMBAT,FALSE,FALSE,FALSE,FALSE,FALSE,FALSE,FALSE,FALSE,FALSE,FALSE,FALSE
ChIJe58qHQDPBZERcOlRkfXry8o,Academia Força & Fitness,FALSE,FALSE,FALSE,FALSE,FALSE,FALSE,FALSE,FALSE,FALSE,FALSE,FALSE
ChIJleickSfFBZERvxocs06mECI,Academia Força & Fitness,TRUE,FALSE,FALSE,FALSE,FALSE,FALSE,FALSE,FALSE,FALSE,FALSE,FALSE
ChIJtwb4dADJBZER1-b2zKidZzU,Academia The Factory - Artes Marciales,FALSE,FALSE,FALSE,FALSE,FALSE,FALSE,FALSE,FALSE,FALSE,FALSE,FALSE
ChIJaR7YcY7vBZER3FZOVZx4bHg,ALVARO NOVOA CHOSICA,FALSE,FALSE,FALSE,FALSE,FALSE,FALSE,FALSE,FALSE,FALSE,FALSE,FALSE
ChIJEzX-loTLBZER0JUz0_GZeRM,AMB La Punta Muaythai&box,TRUE,FALSE,FALSE,FALSE,FALSE,FALSE,FALSE,FALSE,FALSE,FALSE,FALSE
ChIJr4hIAu_LBZERILPbEM-CM9w,Asociacion de Residentes,FALSE,FALSE,FALSE,FALSE,FALSE,FALSE,FALSE,FALSE,FALSE,FALSE,FALSE
ChIJD6btPMbHBZER9x_64LBItW0,Attitude Fight Club,FALSE,FALSE,FALSE,FALSE,FALSE,FALSE,FALSE,FALSE,FALSE,FALSE,FALSE
ChIJ0-QO8jTRBZERpLcqXjB3Kr4,CENTRO DE ARTES MARCIALES,FALSE,FALSE,FALSE,FALSE,FALSE,FALSE,FALSE,FALSE,FALSE,FALSE,FALSE
ChIJQ31ia9PRBZERRfVjIYN9VuA,Club Deportivo InkaTAC Warriors,FALSE,FALSE,FALSE,FALSE,FALSE,FALSE,FALSE,FALSE,FALSE,FALSE,FALSE
ChIJH-p69sm3BZERtabzgMfhqW0,De Vettori Karate Dojo,FALSE,FALSE,FALSE,FALSE,FALSE,FALSE,FALSE,FALSE,FALSE,FALSE,FALSE
ChIJG9kQoXbJBZER3AlWHo88KO4,Dojo Himawari,FALSE,FALSE,FALSE,FALSE,FALSE,FALSE,FALSE,FALSE,FALSE,FALSE,FALSE
ChIJx2KpUbvJBZERSXuxS6VWegQ,Dojo uturunku,FALSE,FALSE,FALSE,FALSE,FALSE,FALSE,FALSE,FALSE,FALSE,FALSE,FALSE
ChIJ4e04LYrJBZERJn9FTvP_KYc,Escuela de Capoeira Nagô Perú,FALSE,FALSE,FALSE,FALSE,FALSE,FALSE,FALSE,FALSE,FALSE,FALSE,FALSE
ChIJCZ9ET-npBZERmwkARU697XA,ESCUELA NOVOA - SEDE CHACLACAYO,FALSE,FALSE,FALSE,FALSE,FALSE,FALSE,FALSE,FALSE,FALSE,FALSE,FALSE
ChIJzRmx2l3vBZERIv9LuWJr-UY,ESCUELA NOVOA - Sede Yanacoto,FALSE,FALSE,FALSE,FALSE,FALSE,FALSE,FALSE,FALSE,FALSE,FALSE,FALSE
ChIJubZD0HvFBZERQWkbdUOlvgQ,Escuelas de Artes Marciales Golden Rider Figth Team,FALSE,FALSE,FALSE,FALSE,FALSE,FALSE,FALSE,FALSE,FALSE,FALSE,FALSE
ChIJz03HLXzBBZERrg1vTS-hH8o,Federación Internacional Taekwon-Do Tradicional Sam-il,FALSE,FALSE,FALSE,FALSE,FALSE,FALSE,FALSE,FALSE,FALSE,FALSE,FALSE
ChIJMWm_TyDFBZERPAmzxjVEhbo,FERTEX ARTES MARCIALES VENCEDORES,FALSE,FALSE,FALSE,FALSE,FALSE,FALSE,FALSE,FALSE,FALSE,FALSE,FALSE
ChIJwTj8Xu7FBZERi0agsCck9RU,Fertex Guk-Gi (Buenos Aires),FALSE,FALSE,FALSE,FALSE,FALSE,FALSE,FALSE,FALSE,FALSE,FALSE,FALSE
ChIJVW0EmhHHBZER_JJo4iXfnkY,Fight Club Perú,FALSE,FALSE,FALSE,FALSE,FALSE,FALSE,FALSE,FALSE,FALSE,FALSE,FALSE
ChIJSYYL9dbpBZERAH45ckrXXJI,Fit House - Artes Marciales en Chaclacayo,TRUE,FALSE,FALSE,FALSE,FALSE,FALSE,FALSE,FALSE,FALSE,FALSE,FALSE
ChIJiUD0uIzJBZERMtyqr78xuGk,Kaizen Martial Arts,FALSE,FALSE,FALSE,FALSE,FALSE,FALSE,FALSE,FALSE,FALSE,FALSE,FALSE
ChIJ92Sw1zfJBZERjzp-2jBBPCc,Knockstar Team,FALSE,FALSE,FALSE,FALSE,FALSE,FALSE,FALSE,FALSE,FALSE,FALSE,FALSE
ChIJ2RQ12Su5BZER7k-Ju-QN95g,Knockstarteam Chorrillos,FALSE,FALSE,FALSE,FALSE,FALSE,FALSE,FALSE,FALSE,FALSE,FALSE,FALSE
ChIJl0MWi2DPBZERgFcEjhaUsr4,Martial Gym,FALSE,FALSE,FALSE,FALSE,FALSE,FALSE,FALSE,FALSE,FALSE,FALSE,FALSE
ChIJ8_BFx5PPBZERWwYNTecWaQ0,martial gym,FALSE,FALSE,FALSE,FALSE,FALSE,FALSE,FALSE,FALSE,FALSE,FALSE,FALSE
ChIJTftM_zrIBZERka67kYT47XQ,MMA & Boxing Club,FALSE,FALSE,FALSE,FALSE,FALSE,FALSE,FALSE,FALSE,FALSE,FALSE,FALSE
ChIJYVOUbjvIBZERdBp3eI6wbZk,Moving Zen Perú,TRUE,FALSE,FALSE,FALSE,FALSE,FALSE,FALSE,FALSE,FALSE,FALSE,FALSE
ChIJsZ2tIsLHBZER37S3_pK3UIs,Panther Fight Academy,FALSE,FALSE,FALSE,FALSE,FALSE,FALSE,FALSE,FALSE,FALSE,FALSE,FALSE
ChIJR7eS71vOBZERIgPBA0j4K7E,Peru Fight Academy Norte: Boxeo - Muay Thai - MMA,TRUE,FALSE,FALSE,FALSE,FALSE,FALSE,FALSE,FALSE,FALSE,FALSE,FALSE
ChIJOWUMw77PBZERy8POn-61MWk,Predator Combat Academy - PCA,FALSE,FALSE,FALSE,FALSE,FALSE,FALSE,FALSE,FALSE,FALSE,FALSE,FALSE
ChIJ7ZUIvK7FBZERUZZa79pBF54,Predator Fight Center,TRUE,FALSE,FALSE,FALSE,FALSE,FALSE,FALSE,FALSE,FALSE,FALSE,FALSE
ChIJPSIV6RrFBZER_QQAA2iF31s,R1 Escuela De Deportes - Artes Marciales y fitness,FALSE,FALSE,FALSE,FALSE,FALSE,FALSE,FALSE,FALSE,FALSE,FALSE,FALSE
ChIJh4tNXAG3BZERzNdN3Wepyjo,Strike Team Gym,FALSE,FALSE,FALSE,FALSE,FALSE,FALSE,FALSE,FALSE,FALSE,FALSE,FALSE
ChIJfR7pXMrRBZERFdTSKfVDIKg,Team Chavez,TRUE,FALSE,FALSE,FALSE,FALSE,FALSE,FALSE,FALSE,FALSE,FALSE,FALSE
ChIJieoTqpHFBZEReDjwbQNIQmc,Team La Jauría Fight Club,FALSE,FALSE,FALSE,FALSE,FALSE,FALSE,FALSE,FALSE,FALSE,FALSE,FALSE
ChIJM6SvQ-3JBZERvH2XIwsA4kY,Tres Coronas MT,TRUE,FALSE,FALSE,FALSE,FALSE,FALSE,FALSE,FALSE,FALSE,FALSE,FALSE
ChIJ4aVREwDHBZERglyIXiaVZ9Y,Triumph Fight Center academia de artes marciales,FALSE,FALSE,FALSE,FALSE,FALSE,FALSE,FALSE,FALSE,FALSE,FALSE,FALSE
ChIJ148eGJzJBZER-YR5bt1dUDM,True sports,FALSE,FALSE,FALSE,FALSE,FALSE,FALSE,FALSE,FALSE,FALSE,FALSE,FALSE
ChIJK8LnTOjFBZERBwnyzoHB4IY,Under Fire Fight Club,TRUE,FALSE,FALSE,FALSE,FALSE,FALSE,FALSE,FALSE,FALSE,FALSE,FALSE
ChIJ85ntbIC7BZERa5AoRUpRtro,Villa Fight,TRUE,FALSE,FALSE,FALSE,FALSE,FALSE,FALSE,FALSE,FALSE,FALSE,FALSE
ChIJcVtkKVrHBZERpcPJO0DIVvo,VIP TRAINING LA MOLINA PREMIUM,FALSE,FALSE,FALSE,FALSE,FALSE,FALSE,FALSE,FALSE,FALSE,FALSE,FALSE
ChIJeaNN3PW3BZER1JN21LAn4G4,ZENDO - MARTIAL ARTS,FALSE,FALSE,FALSE,FALSE,FALSE,FALSE,FALSE,FALSE,FALSE,FALSE,FALSE
